,b,k1,hits@10,hits@5,hits@3,hits@1
0,0.0,0.0,0.8315217391304348,0.7228260869565217,0.6086956521739131,0.41847826086956524
1,0.0,0.1,0.8858695652173914,0.8260869565217391,0.7391304347826086,0.5217391304347826
2,0.0,0.2,0.8913043478260869,0.8315217391304348,0.75,0.5434782608695652
3,0.0,0.30000000000000004,0.8967391304347826,0.8260869565217391,0.7554347826086957,0.5489130434782609
4,0.0,0.4,0.907608695652174,0.8260869565217391,0.7608695652173914,0.5489130434782609
5,0.0,0.5,0.9184782608695652,0.8260869565217391,0.7663043478260869,0.5489130434782609
6,0.0,0.6000000000000001,0.9184782608695652,0.8315217391304348,0.7717391304347826,0.5652173913043478
7,0.0,0.7000000000000001,0.9239130434782609,0.8260869565217391,0.7771739130434783,0.5652173913043478
8,0.0,0.8,0.9293478260869565,0.8315217391304348,0.7771739130434783,0.5706521739130435
9,0.0,0.9,0.9293478260869565,0.8315217391304348,0.782608695652174,0.5652173913043478
10,0.0,1.0,0.9293478260869565,0.8369565217391305,0.782608695652174,0.5652173913043478
11,0.0,1.1,0.9293478260869565,0.842391304347826,0.7880434782608695,0.5652173913043478
12,0.0,1.2000000000000002,0.9347826086956522,0.8478260869565217,0.7934782608695652,0.5597826086956522
13,0.0,1.3,0.9347826086956522,0.8478260869565217,0.7934782608695652,0.5760869565217391
14,0.0,1.4000000000000001,0.9347826086956522,0.8478260869565217,0.7934782608695652,0.5706521739130435
15,0.0,1.5,0.9293478260869565,0.8532608695652174,0.8043478260869565,0.5706521739130435
16,0.0,1.6,0.9293478260869565,0.8586956521739131,0.8043478260869565,0.5760869565217391
17,0.0,1.7000000000000002,0.9347826086956522,0.8641304347826086,0.8043478260869565,0.5760869565217391
18,0.0,1.8,0.9347826086956522,0.8641304347826086,0.8097826086956522,0.5706521739130435
19,0.0,1.9000000000000001,0.9347826086956522,0.8695652173913043,0.8097826086956522,0.5760869565217391
20,0.0,2.0,0.9347826086956522,0.8695652173913043,0.8043478260869565,0.5760869565217391
21,0.0,2.1,0.9347826086956522,0.875,0.7934782608695652,0.5760869565217391
22,0.0,2.2,0.9402173913043478,0.875,0.7934782608695652,0.5706521739130435
23,0.0,2.3000000000000003,0.9402173913043478,0.875,0.7989130434782609,0.5706521739130435
24,0.0,2.4000000000000004,0.9402173913043478,0.875,0.7989130434782609,0.5652173913043478
25,0.0,2.5,0.9402173913043478,0.875,0.7989130434782609,0.5652173913043478
26,0.0,2.6,0.9456521739130435,0.875,0.7989130434782609,0.5706521739130435
27,0.0,2.7,0.9456521739130435,0.875,0.7989130434782609,0.5760869565217391
28,0.0,2.8000000000000003,0.9456521739130435,0.875,0.7989130434782609,0.5760869565217391
29,0.0,2.9000000000000004,0.9456521739130435,0.875,0.7989130434782609,0.5760869565217391
30,0.0,3.0,0.9456521739130435,0.875,0.7934782608695652,0.5815217391304348
31,0.05,0.0,0.8315217391304348,0.7228260869565217,0.6086956521739131,0.41847826086956524
32,0.05,0.1,0.8858695652173914,0.8315217391304348,0.7391304347826086,0.5217391304347826
33,0.05,0.2,0.8913043478260869,0.8369565217391305,0.75,0.5434782608695652
34,0.05,0.30000000000000004,0.8967391304347826,0.8260869565217391,0.7554347826086957,0.5543478260869565
35,0.05,0.4,0.907608695652174,0.8260869565217391,0.7608695652173914,0.5489130434782609
36,0.05,0.5,0.9184782608695652,0.8260869565217391,0.7663043478260869,0.5489130434782609
37,0.05,0.6000000000000001,0.9184782608695652,0.8315217391304348,0.7717391304347826,0.5652173913043478
38,0.05,0.7000000000000001,0.9239130434782609,0.8260869565217391,0.7717391304347826,0.5652173913043478
39,0.05,0.8,0.9293478260869565,0.8315217391304348,0.7771739130434783,0.5706521739130435
40,0.05,0.9,0.9293478260869565,0.8315217391304348,0.7880434782608695,0.5652173913043478
41,0.05,1.0,0.9293478260869565,0.8369565217391305,0.7880434782608695,0.5652173913043478
42,0.05,1.1,0.9293478260869565,0.8369565217391305,0.7880434782608695,0.5652173913043478
43,0.05,1.2000000000000002,0.9347826086956522,0.8478260869565217,0.7934782608695652,0.5597826086956522
44,0.05,1.3,0.9347826086956522,0.8532608695652174,0.7989130434782609,0.5760869565217391
45,0.05,1.4000000000000001,0.9347826086956522,0.8478260869565217,0.7989130434782609,0.5706521739130435
46,0.05,1.5,0.9347826086956522,0.8532608695652174,0.8097826086956522,0.5706521739130435
47,0.05,1.6,0.9293478260869565,0.8532608695652174,0.8152173913043478,0.5706521739130435
48,0.05,1.7000000000000002,0.9293478260869565,0.8641304347826086,0.8152173913043478,0.5760869565217391
49,0.05,1.8,0.9347826086956522,0.8641304347826086,0.8152173913043478,0.5706521739130435
50,0.05,1.9000000000000001,0.9347826086956522,0.8695652173913043,0.8152173913043478,0.5760869565217391
51,0.05,2.0,0.9347826086956522,0.8695652173913043,0.8043478260869565,0.5760869565217391
52,0.05,2.1,0.9347826086956522,0.8695652173913043,0.7989130434782609,0.5760869565217391
53,0.05,2.2,0.9347826086956522,0.875,0.7934782608695652,0.5706521739130435
54,0.05,2.3000000000000003,0.9402173913043478,0.875,0.8043478260869565,0.5706521739130435
55,0.05,2.4000000000000004,0.9402173913043478,0.875,0.8043478260869565,0.5652173913043478
56,0.05,2.5,0.9402173913043478,0.875,0.8043478260869565,0.5760869565217391
57,0.05,2.6,0.9402173913043478,0.875,0.8043478260869565,0.5760869565217391
58,0.05,2.7,0.9456521739130435,0.875,0.8043478260869565,0.5760869565217391
59,0.05,2.8000000000000003,0.9456521739130435,0.875,0.8043478260869565,0.5706521739130435
60,0.05,2.9000000000000004,0.9456521739130435,0.8804347826086957,0.8043478260869565,0.5706521739130435
61,0.05,3.0,0.9456521739130435,0.8804347826086957,0.8043478260869565,0.5760869565217391
62,0.1,0.0,0.8315217391304348,0.7228260869565217,0.6086956521739131,0.41847826086956524
63,0.1,0.1,0.8858695652173914,0.8369565217391305,0.7391304347826086,0.5217391304347826
64,0.1,0.2,0.8913043478260869,0.842391304347826,0.75,0.5434782608695652
65,0.1,0.30000000000000004,0.8967391304347826,0.8369565217391305,0.7554347826086957,0.5543478260869565
66,0.1,0.4,0.907608695652174,0.8315217391304348,0.7608695652173914,0.5489130434782609
67,0.1,0.5,0.9184782608695652,0.8260869565217391,0.7663043478260869,0.5543478260869565
68,0.1,0.6000000000000001,0.9184782608695652,0.8315217391304348,0.7717391304347826,0.5706521739130435
69,0.1,0.7000000000000001,0.9239130434782609,0.8260869565217391,0.7717391304347826,0.5706521739130435
70,0.1,0.8,0.9293478260869565,0.8315217391304348,0.7771739130434783,0.5706521739130435
71,0.1,0.9,0.9293478260869565,0.8315217391304348,0.7880434782608695,0.5706521739130435
72,0.1,1.0,0.9293478260869565,0.8369565217391305,0.7880434782608695,0.5706521739130435
73,0.1,1.1,0.9293478260869565,0.8369565217391305,0.7880434782608695,0.5706521739130435
74,0.1,1.2000000000000002,0.9347826086956522,0.842391304347826,0.7880434782608695,0.5652173913043478
75,0.1,1.3,0.9347826086956522,0.8532608695652174,0.7989130434782609,0.5815217391304348
76,0.1,1.4000000000000001,0.9347826086956522,0.8532608695652174,0.8043478260869565,0.5760869565217391
77,0.1,1.5,0.9347826086956522,0.8532608695652174,0.8097826086956522,0.5760869565217391
78,0.1,1.6,0.9347826086956522,0.8532608695652174,0.8152173913043478,0.5760869565217391
79,0.1,1.7000000000000002,0.9293478260869565,0.8641304347826086,0.8152173913043478,0.5760869565217391
80,0.1,1.8,0.9347826086956522,0.8641304347826086,0.8152173913043478,0.5760869565217391
81,0.1,1.9000000000000001,0.9347826086956522,0.8695652173913043,0.8043478260869565,0.5815217391304348
82,0.1,2.0,0.9347826086956522,0.875,0.8043478260869565,0.5815217391304348
83,0.1,2.1,0.9347826086956522,0.875,0.7934782608695652,0.5815217391304348
84,0.1,2.2,0.9402173913043478,0.8858695652173914,0.7934782608695652,0.5815217391304348
85,0.1,2.3000000000000003,0.9402173913043478,0.8858695652173914,0.7989130434782609,0.5815217391304348
86,0.1,2.4000000000000004,0.9402173913043478,0.8858695652173914,0.8043478260869565,0.5815217391304348
87,0.1,2.5,0.9402173913043478,0.8858695652173914,0.8043478260869565,0.5815217391304348
88,0.1,2.6,0.9402173913043478,0.8858695652173914,0.8043478260869565,0.5815217391304348
89,0.1,2.7,0.9456521739130435,0.8858695652173914,0.8043478260869565,0.5815217391304348
90,0.1,2.8000000000000003,0.9456521739130435,0.8804347826086957,0.8043478260869565,0.5760869565217391
91,0.1,2.9000000000000004,0.9456521739130435,0.8804347826086957,0.8043478260869565,0.5760869565217391
92,0.1,3.0,0.9456521739130435,0.8804347826086957,0.8043478260869565,0.5815217391304348
93,0.15000000000000002,0.0,0.8315217391304348,0.7228260869565217,0.6086956521739131,0.41847826086956524
94,0.15000000000000002,0.1,0.8858695652173914,0.8369565217391305,0.7336956521739131,0.5271739130434783
95,0.15000000000000002,0.2,0.8913043478260869,0.842391304347826,0.75,0.5489130434782609
96,0.15000000000000002,0.30000000000000004,0.8967391304347826,0.8369565217391305,0.7554347826086957,0.5597826086956522
97,0.15000000000000002,0.4,0.907608695652174,0.8369565217391305,0.7608695652173914,0.5543478260869565
98,0.15000000000000002,0.5,0.9184782608695652,0.8315217391304348,0.7608695652173914,0.5597826086956522
99,0.15000000000000002,0.6000000000000001,0.9184782608695652,0.842391304347826,0.7663043478260869,0.5706521739130435
100,0.15000000000000002,0.7000000000000001,0.9239130434782609,0.8369565217391305,0.7663043478260869,0.5706521739130435
101,0.15000000000000002,0.8,0.9293478260869565,0.842391304347826,0.7771739130434783,0.5706521739130435
102,0.15000000000000002,0.9,0.9293478260869565,0.842391304347826,0.782608695652174,0.5706521739130435
103,0.15000000000000002,1.0,0.9293478260869565,0.8478260869565217,0.782608695652174,0.5706521739130435
104,0.15000000000000002,1.1,0.9293478260869565,0.8478260869565217,0.782608695652174,0.5706521739130435
105,0.15000000000000002,1.2000000000000002,0.9347826086956522,0.8586956521739131,0.782608695652174,0.5652173913043478
106,0.15000000000000002,1.3,0.9347826086956522,0.8641304347826086,0.7934782608695652,0.5815217391304348
107,0.15000000000000002,1.4000000000000001,0.9347826086956522,0.8695652173913043,0.8043478260869565,0.5815217391304348
108,0.15000000000000002,1.5,0.9347826086956522,0.8641304347826086,0.8043478260869565,0.5760869565217391
109,0.15000000000000002,1.6,0.9347826086956522,0.8641304347826086,0.8097826086956522,0.5760869565217391
110,0.15000000000000002,1.7000000000000002,0.9347826086956522,0.8641304347826086,0.8043478260869565,0.5760869565217391
111,0.15000000000000002,1.8,0.9293478260869565,0.8641304347826086,0.8043478260869565,0.5760869565217391
112,0.15000000000000002,1.9000000000000001,0.9347826086956522,0.875,0.7989130434782609,0.5815217391304348
113,0.15000000000000002,2.0,0.9347826086956522,0.875,0.7934782608695652,0.5815217391304348
114,0.15000000000000002,2.1,0.9402173913043478,0.875,0.7880434782608695,0.5815217391304348
115,0.15000000000000002,2.2,0.9402173913043478,0.8804347826086957,0.7934782608695652,0.5869565217391305
116,0.15000000000000002,2.3000000000000003,0.9456521739130435,0.8804347826086957,0.7934782608695652,0.5815217391304348
117,0.15000000000000002,2.4000000000000004,0.9456521739130435,0.8804347826086957,0.7989130434782609,0.5869565217391305
118,0.15000000000000002,2.5,0.9456521739130435,0.8804347826086957,0.7989130434782609,0.5869565217391305
119,0.15000000000000002,2.6,0.9510869565217391,0.8804347826086957,0.7989130434782609,0.5815217391304348
120,0.15000000000000002,2.7,0.9510869565217391,0.8804347826086957,0.7989130434782609,0.5815217391304348
121,0.15000000000000002,2.8000000000000003,0.9510869565217391,0.8804347826086957,0.7989130434782609,0.5760869565217391
122,0.15000000000000002,2.9000000000000004,0.9510869565217391,0.8804347826086957,0.7989130434782609,0.5760869565217391
123,0.15000000000000002,3.0,0.9456521739130435,0.8804347826086957,0.7989130434782609,0.5815217391304348
124,0.2,0.0,0.8315217391304348,0.7228260869565217,0.6086956521739131,0.41847826086956524
125,0.2,0.1,0.8913043478260869,0.8369565217391305,0.7445652173913043,0.5217391304347826
126,0.2,0.2,0.8967391304347826,0.842391304347826,0.7554347826086957,0.5434782608695652
127,0.2,0.30000000000000004,0.9021739130434783,0.8369565217391305,0.7608695652173914,0.5597826086956522
128,0.2,0.4,0.9130434782608695,0.8369565217391305,0.7608695652173914,0.5543478260869565
129,0.2,0.5,0.9239130434782609,0.8369565217391305,0.7608695652173914,0.5597826086956522
130,0.2,0.6000000000000001,0.9239130434782609,0.842391304347826,0.7663043478260869,0.5706521739130435
131,0.2,0.7000000000000001,0.9239130434782609,0.8369565217391305,0.7663043478260869,0.5760869565217391
132,0.2,0.8,0.9239130434782609,0.842391304347826,0.7771739130434783,0.5706521739130435
133,0.2,0.9,0.9293478260869565,0.842391304347826,0.782608695652174,0.5706521739130435
134,0.2,1.0,0.9293478260869565,0.8478260869565217,0.782608695652174,0.5706521739130435
135,0.2,1.1,0.9293478260869565,0.8532608695652174,0.782608695652174,0.5706521739130435
136,0.2,1.2000000000000002,0.9347826086956522,0.8586956521739131,0.782608695652174,0.5652173913043478
137,0.2,1.3,0.9347826086956522,0.8695652173913043,0.7934782608695652,0.5815217391304348
138,0.2,1.4000000000000001,0.9347826086956522,0.8695652173913043,0.7989130434782609,0.5815217391304348
139,0.2,1.5,0.9347826086956522,0.8695652173913043,0.8043478260869565,0.5760869565217391
140,0.2,1.6,0.9347826086956522,0.8641304347826086,0.8043478260869565,0.5760869565217391
141,0.2,1.7000000000000002,0.9347826086956522,0.8695652173913043,0.8043478260869565,0.5760869565217391
142,0.2,1.8,0.9347826086956522,0.8641304347826086,0.8043478260869565,0.5760869565217391
143,0.2,1.9000000000000001,0.9347826086956522,0.8695652173913043,0.7989130434782609,0.5760869565217391
144,0.2,2.0,0.9402173913043478,0.875,0.7880434782608695,0.5815217391304348
145,0.2,2.1,0.9402173913043478,0.875,0.7880434782608695,0.5869565217391305
146,0.2,2.2,0.9402173913043478,0.8804347826086957,0.7934782608695652,0.5869565217391305
147,0.2,2.3000000000000003,0.9402173913043478,0.8804347826086957,0.7934782608695652,0.5815217391304348
148,0.2,2.4000000000000004,0.9456521739130435,0.8804347826086957,0.7989130434782609,0.5869565217391305
149,0.2,2.5,0.9456521739130435,0.8804347826086957,0.7989130434782609,0.5869565217391305
150,0.2,2.6,0.9510869565217391,0.8804347826086957,0.7989130434782609,0.5815217391304348
151,0.2,2.7,0.9510869565217391,0.8804347826086957,0.7989130434782609,0.5760869565217391
152,0.2,2.8000000000000003,0.9510869565217391,0.8804347826086957,0.7989130434782609,0.5760869565217391
153,0.2,2.9000000000000004,0.9510869565217391,0.8804347826086957,0.7989130434782609,0.5760869565217391
154,0.2,3.0,0.9510869565217391,0.8804347826086957,0.7989130434782609,0.5815217391304348
155,0.25,0.0,0.8315217391304348,0.7228260869565217,0.6086956521739131,0.41847826086956524
156,0.25,0.1,0.8913043478260869,0.8369565217391305,0.7445652173913043,0.5217391304347826
157,0.25,0.2,0.8967391304347826,0.842391304347826,0.7554347826086957,0.5434782608695652
158,0.25,0.30000000000000004,0.9021739130434783,0.8369565217391305,0.7608695652173914,0.5543478260869565
159,0.25,0.4,0.9130434782608695,0.8369565217391305,0.7717391304347826,0.5489130434782609
160,0.25,0.5,0.9239130434782609,0.8369565217391305,0.7663043478260869,0.5543478260869565
161,0.25,0.6000000000000001,0.9239130434782609,0.842391304347826,0.7717391304347826,0.5652173913043478
162,0.25,0.7000000000000001,0.9293478260869565,0.842391304347826,0.7717391304347826,0.5760869565217391
163,0.25,0.8,0.9293478260869565,0.842391304347826,0.782608695652174,0.5706521739130435
164,0.25,0.9,0.9347826086956522,0.842391304347826,0.7880434782608695,0.5706521739130435
165,0.25,1.0,0.9293478260869565,0.8532608695652174,0.7880434782608695,0.5706521739130435
166,0.25,1.1,0.9293478260869565,0.8532608695652174,0.7880434782608695,0.5706521739130435
167,0.25,1.2000000000000002,0.9347826086956522,0.8586956521739131,0.7934782608695652,0.5652173913043478
168,0.25,1.3,0.9347826086956522,0.8695652173913043,0.7989130434782609,0.5815217391304348
169,0.25,1.4000000000000001,0.9347826086956522,0.8695652173913043,0.8043478260869565,0.5815217391304348
170,0.25,1.5,0.9347826086956522,0.8695652173913043,0.8097826086956522,0.5815217391304348
171,0.25,1.6,0.9347826086956522,0.8641304347826086,0.8097826086956522,0.5760869565217391
172,0.25,1.7000000000000002,0.9347826086956522,0.8641304347826086,0.8097826086956522,0.5760869565217391
173,0.25,1.8,0.9347826086956522,0.875,0.8097826086956522,0.5760869565217391
174,0.25,1.9000000000000001,0.9347826086956522,0.8695652173913043,0.8043478260869565,0.5760869565217391
175,0.25,2.0,0.9402173913043478,0.8695652173913043,0.7934782608695652,0.5869565217391305
176,0.25,2.1,0.9402173913043478,0.8695652173913043,0.7934782608695652,0.5869565217391305
177,0.25,2.2,0.9402173913043478,0.875,0.7989130434782609,0.5869565217391305
178,0.25,2.3000000000000003,0.9402173913043478,0.8804347826086957,0.7989130434782609,0.5869565217391305
179,0.25,2.4000000000000004,0.9402173913043478,0.8804347826086957,0.7989130434782609,0.5869565217391305
180,0.25,2.5,0.9456521739130435,0.8804347826086957,0.7989130434782609,0.5869565217391305
181,0.25,2.6,0.9510869565217391,0.8804347826086957,0.7989130434782609,0.5869565217391305
182,0.25,2.7,0.9510869565217391,0.8804347826086957,0.7989130434782609,0.5760869565217391
183,0.25,2.8000000000000003,0.9510869565217391,0.8804347826086957,0.7989130434782609,0.5760869565217391
184,0.25,2.9000000000000004,0.9510869565217391,0.8804347826086957,0.7989130434782609,0.5815217391304348
185,0.25,3.0,0.9510869565217391,0.8804347826086957,0.7989130434782609,0.5815217391304348
186,0.30000000000000004,0.0,0.8315217391304348,0.7228260869565217,0.6086956521739131,0.41847826086956524
187,0.30000000000000004,0.1,0.8913043478260869,0.8369565217391305,0.7445652173913043,0.5217391304347826
188,0.30000000000000004,0.2,0.8967391304347826,0.842391304347826,0.7554347826086957,0.5434782608695652
189,0.30000000000000004,0.30000000000000004,0.9021739130434783,0.8369565217391305,0.7608695652173914,0.5543478260869565
190,0.30000000000000004,0.4,0.9130434782608695,0.8369565217391305,0.7717391304347826,0.5597826086956522
191,0.30000000000000004,0.5,0.9239130434782609,0.8369565217391305,0.7717391304347826,0.5543478260869565
192,0.30000000000000004,0.6000000000000001,0.9239130434782609,0.842391304347826,0.7717391304347826,0.5652173913043478
193,0.30000000000000004,0.7000000000000001,0.9293478260869565,0.842391304347826,0.7717391304347826,0.5706521739130435
194,0.30000000000000004,0.8,0.9293478260869565,0.842391304347826,0.782608695652174,0.5706521739130435
195,0.30000000000000004,0.9,0.9347826086956522,0.8478260869565217,0.782608695652174,0.5706521739130435
196,0.30000000000000004,1.0,0.9347826086956522,0.8532608695652174,0.782608695652174,0.5706521739130435
197,0.30000000000000004,1.1,0.9402173913043478,0.8532608695652174,0.782608695652174,0.5706521739130435
198,0.30000000000000004,1.2000000000000002,0.9402173913043478,0.8586956521739131,0.7934782608695652,0.5652173913043478
199,0.30000000000000004,1.3,0.9402173913043478,0.8695652173913043,0.7934782608695652,0.5815217391304348
200,0.30000000000000004,1.4000000000000001,0.9402173913043478,0.8695652173913043,0.8043478260869565,0.5815217391304348
201,0.30000000000000004,1.5,0.9402173913043478,0.8641304347826086,0.8097826086956522,0.5815217391304348
202,0.30000000000000004,1.6,0.9402173913043478,0.8695652173913043,0.8097826086956522,0.5760869565217391
203,0.30000000000000004,1.7000000000000002,0.9347826086956522,0.8695652173913043,0.8097826086956522,0.5760869565217391
204,0.30000000000000004,1.8,0.9347826086956522,0.8695652173913043,0.8043478260869565,0.5760869565217391
205,0.30000000000000004,1.9000000000000001,0.9293478260869565,0.8695652173913043,0.7989130434782609,0.5815217391304348
206,0.30000000000000004,2.0,0.9347826086956522,0.8695652173913043,0.7934782608695652,0.5815217391304348
207,0.30000000000000004,2.1,0.9402173913043478,0.8695652173913043,0.7989130434782609,0.5869565217391305
208,0.30000000000000004,2.2,0.9402173913043478,0.875,0.7989130434782609,0.5869565217391305
209,0.30000000000000004,2.3000000000000003,0.9402173913043478,0.8804347826086957,0.7989130434782609,0.592391304347826
210,0.30000000000000004,2.4000000000000004,0.9402173913043478,0.8804347826086957,0.8043478260869565,0.5869565217391305
211,0.30000000000000004,2.5,0.9456521739130435,0.8804347826086957,0.8043478260869565,0.5869565217391305
212,0.30000000000000004,2.6,0.9510869565217391,0.8804347826086957,0.8043478260869565,0.5869565217391305
213,0.30000000000000004,2.7,0.9510869565217391,0.8804347826086957,0.8043478260869565,0.5760869565217391
214,0.30000000000000004,2.8000000000000003,0.9510869565217391,0.8804347826086957,0.8043478260869565,0.5815217391304348
215,0.30000000000000004,2.9000000000000004,0.9510869565217391,0.8804347826086957,0.8043478260869565,0.5815217391304348
216,0.30000000000000004,3.0,0.9510869565217391,0.8804347826086957,0.8043478260869565,0.5815217391304348
217,0.35000000000000003,0.0,0.8315217391304348,0.7228260869565217,0.6086956521739131,0.41847826086956524
218,0.35000000000000003,0.1,0.8913043478260869,0.8369565217391305,0.7445652173913043,0.5163043478260869
219,0.35000000000000003,0.2,0.8967391304347826,0.842391304347826,0.7554347826086957,0.5434782608695652
220,0.35000000000000003,0.30000000000000004,0.9021739130434783,0.8369565217391305,0.7608695652173914,0.5543478260869565
221,0.35000000000000003,0.4,0.907608695652174,0.8369565217391305,0.7717391304347826,0.5597826086956522
222,0.35000000000000003,0.5,0.9239130434782609,0.842391304347826,0.7717391304347826,0.5543478260869565
223,0.35000000000000003,0.6000000000000001,0.9239130434782609,0.842391304347826,0.7717391304347826,0.5652173913043478
224,0.35000000000000003,0.7000000000000001,0.9293478260869565,0.842391304347826,0.7771739130434783,0.5706521739130435
225,0.35000000000000003,0.8,0.9293478260869565,0.8478260869565217,0.782608695652174,0.5706521739130435
226,0.35000000000000003,0.9,0.9347826086956522,0.8532608695652174,0.7771739130434783,0.5706521739130435
227,0.35000000000000003,1.0,0.9347826086956522,0.8532608695652174,0.782608695652174,0.5706521739130435
228,0.35000000000000003,1.1,0.9402173913043478,0.8532608695652174,0.782608695652174,0.5706521739130435
229,0.35000000000000003,1.2000000000000002,0.9402173913043478,0.8532608695652174,0.7880434782608695,0.5652173913043478
230,0.35000000000000003,1.3,0.9402173913043478,0.8641304347826086,0.7880434782608695,0.5815217391304348
231,0.35000000000000003,1.4000000000000001,0.9402173913043478,0.8695652173913043,0.7989130434782609,0.5815217391304348
232,0.35000000000000003,1.5,0.9402173913043478,0.8641304347826086,0.8043478260869565,0.5815217391304348
233,0.35000000000000003,1.6,0.9402173913043478,0.8641304347826086,0.8043478260869565,0.5815217391304348
234,0.35000000000000003,1.7000000000000002,0.9402173913043478,0.8695652173913043,0.8043478260869565,0.5760869565217391
235,0.35000000000000003,1.8,0.9402173913043478,0.875,0.8043478260869565,0.5760869565217391
236,0.35000000000000003,1.9000000000000001,0.9347826086956522,0.8695652173913043,0.7989130434782609,0.5869565217391305
237,0.35000000000000003,2.0,0.9402173913043478,0.8641304347826086,0.7934782608695652,0.5815217391304348
238,0.35000000000000003,2.1,0.9456521739130435,0.8695652173913043,0.7989130434782609,0.5869565217391305
239,0.35000000000000003,2.2,0.9456521739130435,0.875,0.7989130434782609,0.5815217391304348
240,0.35000000000000003,2.3000000000000003,0.9456521739130435,0.8804347826086957,0.7989130434782609,0.592391304347826
241,0.35000000000000003,2.4000000000000004,0.9510869565217391,0.8804347826086957,0.8043478260869565,0.592391304347826
242,0.35000000000000003,2.5,0.9510869565217391,0.8804347826086957,0.8043478260869565,0.5869565217391305
243,0.35000000000000003,2.6,0.9510869565217391,0.8804347826086957,0.8043478260869565,0.5869565217391305
244,0.35000000000000003,2.7,0.9510869565217391,0.8804347826086957,0.8043478260869565,0.5815217391304348
245,0.35000000000000003,2.8000000000000003,0.9565217391304348,0.8804347826086957,0.8043478260869565,0.5760869565217391
246,0.35000000000000003,2.9000000000000004,0.9565217391304348,0.875,0.8043478260869565,0.5815217391304348
247,0.35000000000000003,3.0,0.9565217391304348,0.875,0.8043478260869565,0.5815217391304348
248,0.4,0.0,0.8315217391304348,0.7228260869565217,0.6086956521739131,0.41847826086956524
249,0.4,0.1,0.8913043478260869,0.8369565217391305,0.7445652173913043,0.5163043478260869
250,0.4,0.2,0.8967391304347826,0.842391304347826,0.7554347826086957,0.5434782608695652
251,0.4,0.30000000000000004,0.9021739130434783,0.8369565217391305,0.7608695652173914,0.5543478260869565
252,0.4,0.4,0.907608695652174,0.8369565217391305,0.7663043478260869,0.5597826086956522
253,0.4,0.5,0.9184782608695652,0.842391304347826,0.7717391304347826,0.5543478260869565
254,0.4,0.6000000000000001,0.9293478260869565,0.842391304347826,0.7717391304347826,0.5652173913043478
255,0.4,0.7000000000000001,0.9293478260869565,0.842391304347826,0.7880434782608695,0.5706521739130435
256,0.4,0.8,0.9293478260869565,0.8478260869565217,0.782608695652174,0.5706521739130435
257,0.4,0.9,0.9293478260869565,0.8532608695652174,0.7771739130434783,0.5706521739130435
258,0.4,1.0,0.9347826086956522,0.8532608695652174,0.782608695652174,0.5706521739130435
259,0.4,1.1,0.9402173913043478,0.8532608695652174,0.7880434782608695,0.5706521739130435
260,0.4,1.2000000000000002,0.9402173913043478,0.8532608695652174,0.7880434782608695,0.5652173913043478
261,0.4,1.3,0.9402173913043478,0.8641304347826086,0.7934782608695652,0.5815217391304348
262,0.4,1.4000000000000001,0.9402173913043478,0.8641304347826086,0.7989130434782609,0.5815217391304348
263,0.4,1.5,0.9402173913043478,0.8641304347826086,0.8043478260869565,0.5815217391304348
264,0.4,1.6,0.9402173913043478,0.8641304347826086,0.8043478260869565,0.5815217391304348
265,0.4,1.7000000000000002,0.9402173913043478,0.8695652173913043,0.8043478260869565,0.5760869565217391
266,0.4,1.8,0.9402173913043478,0.875,0.7934782608695652,0.5815217391304348
267,0.4,1.9000000000000001,0.9347826086956522,0.875,0.7934782608695652,0.5869565217391305
268,0.4,2.0,0.9402173913043478,0.8641304347826086,0.7934782608695652,0.5869565217391305
269,0.4,2.1,0.9456521739130435,0.8641304347826086,0.7989130434782609,0.5869565217391305
270,0.4,2.2,0.9456521739130435,0.875,0.7989130434782609,0.5869565217391305
271,0.4,2.3000000000000003,0.9456521739130435,0.875,0.7989130434782609,0.5869565217391305
272,0.4,2.4000000000000004,0.9510869565217391,0.875,0.8043478260869565,0.5978260869565217
273,0.4,2.5,0.9510869565217391,0.875,0.8043478260869565,0.592391304347826
274,0.4,2.6,0.9565217391304348,0.875,0.8043478260869565,0.5869565217391305
275,0.4,2.7,0.9565217391304348,0.875,0.8043478260869565,0.5869565217391305
276,0.4,2.8000000000000003,0.9565217391304348,0.875,0.8043478260869565,0.5869565217391305
277,0.4,2.9000000000000004,0.9565217391304348,0.875,0.8043478260869565,0.5869565217391305
278,0.4,3.0,0.9565217391304348,0.875,0.8043478260869565,0.5869565217391305
279,0.45,0.0,0.8315217391304348,0.7228260869565217,0.6086956521739131,0.41847826086956524
280,0.45,0.1,0.8913043478260869,0.842391304347826,0.7445652173913043,0.5163043478260869
281,0.45,0.2,0.8967391304347826,0.8478260869565217,0.7554347826086957,0.5380434782608695
282,0.45,0.30000000000000004,0.9021739130434783,0.8478260869565217,0.7608695652173914,0.5543478260869565
283,0.45,0.4,0.907608695652174,0.842391304347826,0.7663043478260869,0.5597826086956522
284,0.45,0.5,0.9130434782608695,0.8478260869565217,0.7717391304347826,0.5597826086956522
285,0.45,0.6000000000000001,0.9293478260869565,0.8478260869565217,0.7717391304347826,0.5652173913043478
286,0.45,0.7000000000000001,0.9293478260869565,0.8478260869565217,0.7880434782608695,0.5706521739130435
287,0.45,0.8,0.9293478260869565,0.8478260869565217,0.782608695652174,0.5706521739130435
288,0.45,0.9,0.9293478260869565,0.8532608695652174,0.782608695652174,0.5706521739130435
289,0.45,1.0,0.9347826086956522,0.8532608695652174,0.782608695652174,0.5706521739130435
290,0.45,1.1,0.9402173913043478,0.8586956521739131,0.7880434782608695,0.5706521739130435
291,0.45,1.2000000000000002,0.9402173913043478,0.8586956521739131,0.7880434782608695,0.5652173913043478
292,0.45,1.3,0.9402173913043478,0.8695652173913043,0.7934782608695652,0.5815217391304348
293,0.45,1.4000000000000001,0.9402173913043478,0.8695652173913043,0.7989130434782609,0.5815217391304348
294,0.45,1.5,0.9402173913043478,0.8695652173913043,0.8043478260869565,0.5815217391304348
295,0.45,1.6,0.9402173913043478,0.8695652173913043,0.8043478260869565,0.5815217391304348
296,0.45,1.7000000000000002,0.9402173913043478,0.875,0.7989130434782609,0.5760869565217391
297,0.45,1.8,0.9402173913043478,0.8804347826086957,0.7934782608695652,0.5815217391304348
298,0.45,1.9000000000000001,0.9347826086956522,0.8804347826086957,0.7934782608695652,0.592391304347826
299,0.45,2.0,0.9402173913043478,0.8804347826086957,0.7934782608695652,0.5978260869565217
300,0.45,2.1,0.9456521739130435,0.875,0.7934782608695652,0.592391304347826
301,0.45,2.2,0.9456521739130435,0.8695652173913043,0.7989130434782609,0.5978260869565217
302,0.45,2.3000000000000003,0.9510869565217391,0.8695652173913043,0.7989130434782609,0.5978260869565217
303,0.45,2.4000000000000004,0.9510869565217391,0.8695652173913043,0.8043478260869565,0.592391304347826
304,0.45,2.5,0.9510869565217391,0.8695652173913043,0.8043478260869565,0.5978260869565217
305,0.45,2.6,0.9565217391304348,0.8695652173913043,0.8043478260869565,0.5869565217391305
306,0.45,2.7,0.9565217391304348,0.8695652173913043,0.8043478260869565,0.5869565217391305
307,0.45,2.8000000000000003,0.9565217391304348,0.8695652173913043,0.8043478260869565,0.5869565217391305
308,0.45,2.9000000000000004,0.9565217391304348,0.8695652173913043,0.8043478260869565,0.5869565217391305
309,0.45,3.0,0.9565217391304348,0.8695652173913043,0.8043478260869565,0.5869565217391305
310,0.5,0.0,0.8315217391304348,0.7228260869565217,0.6086956521739131,0.41847826086956524
311,0.5,0.1,0.8858695652173914,0.8478260869565217,0.7445652173913043,0.5163043478260869
312,0.5,0.2,0.8913043478260869,0.8532608695652174,0.7554347826086957,0.5380434782608695
313,0.5,0.30000000000000004,0.8967391304347826,0.8532608695652174,0.7608695652173914,0.5543478260869565
314,0.5,0.4,0.9021739130434783,0.8478260869565217,0.7663043478260869,0.5597826086956522
315,0.5,0.5,0.907608695652174,0.8532608695652174,0.7663043478260869,0.5597826086956522
316,0.5,0.6000000000000001,0.9239130434782609,0.8532608695652174,0.7717391304347826,0.5706521739130435
317,0.5,0.7000000000000001,0.9239130434782609,0.8532608695652174,0.7880434782608695,0.5706521739130435
318,0.5,0.8,0.9239130434782609,0.8532608695652174,0.782608695652174,0.5706521739130435
319,0.5,0.9,0.9239130434782609,0.8586956521739131,0.782608695652174,0.5706521739130435
320,0.5,1.0,0.9293478260869565,0.8586956521739131,0.7880434782608695,0.5706521739130435
321,0.5,1.1,0.9347826086956522,0.8586956521739131,0.7880434782608695,0.5706521739130435
322,0.5,1.2000000000000002,0.9347826086956522,0.8586956521739131,0.782608695652174,0.5652173913043478
323,0.5,1.3,0.9347826086956522,0.8641304347826086,0.7880434782608695,0.5815217391304348
324,0.5,1.4000000000000001,0.9402173913043478,0.8695652173913043,0.7934782608695652,0.5815217391304348
325,0.5,1.5,0.9402173913043478,0.8695652173913043,0.7989130434782609,0.5815217391304348
326,0.5,1.6,0.9402173913043478,0.8695652173913043,0.8043478260869565,0.5815217391304348
327,0.5,1.7000000000000002,0.9402173913043478,0.875,0.7989130434782609,0.5869565217391305
328,0.5,1.8,0.9402173913043478,0.8804347826086957,0.7934782608695652,0.5869565217391305
329,0.5,1.9000000000000001,0.9347826086956522,0.8804347826086957,0.7934782608695652,0.5978260869565217
330,0.5,2.0,0.9456521739130435,0.875,0.7934782608695652,0.6032608695652174
331,0.5,2.1,0.9456521739130435,0.875,0.7934782608695652,0.5978260869565217
332,0.5,2.2,0.9510869565217391,0.875,0.7989130434782609,0.592391304347826
333,0.5,2.3000000000000003,0.9510869565217391,0.8695652173913043,0.7989130434782609,0.5978260869565217
334,0.5,2.4000000000000004,0.9510869565217391,0.8695652173913043,0.8043478260869565,0.592391304347826
335,0.5,2.5,0.9510869565217391,0.8695652173913043,0.8043478260869565,0.5869565217391305
336,0.5,2.6,0.9510869565217391,0.8695652173913043,0.8043478260869565,0.5815217391304348
337,0.5,2.7,0.9565217391304348,0.8695652173913043,0.8043478260869565,0.5869565217391305
338,0.5,2.8000000000000003,0.9565217391304348,0.8695652173913043,0.8043478260869565,0.5869565217391305
339,0.5,2.9000000000000004,0.9565217391304348,0.8695652173913043,0.8043478260869565,0.592391304347826
340,0.5,3.0,0.9565217391304348,0.8695652173913043,0.8043478260869565,0.5869565217391305
341,0.55,0.0,0.8315217391304348,0.7228260869565217,0.6086956521739131,0.41847826086956524
342,0.55,0.1,0.8858695652173914,0.8478260869565217,0.7445652173913043,0.5163043478260869
343,0.55,0.2,0.8858695652173914,0.8532608695652174,0.7554347826086957,0.5380434782608695
344,0.55,0.30000000000000004,0.8913043478260869,0.8532608695652174,0.7608695652173914,0.5489130434782609
345,0.55,0.4,0.9021739130434783,0.8478260869565217,0.7663043478260869,0.5597826086956522
346,0.55,0.5,0.907608695652174,0.8532608695652174,0.7663043478260869,0.5597826086956522
347,0.55,0.6000000000000001,0.9239130434782609,0.8532608695652174,0.7717391304347826,0.5760869565217391
348,0.55,0.7000000000000001,0.9239130434782609,0.8532608695652174,0.782608695652174,0.5706521739130435
349,0.55,0.8,0.9239130434782609,0.8532608695652174,0.7880434782608695,0.5706521739130435
350,0.55,0.9,0.9239130434782609,0.8586956521739131,0.782608695652174,0.5706521739130435
351,0.55,1.0,0.9293478260869565,0.8586956521739131,0.7880434782608695,0.5706521739130435
352,0.55,1.1,0.9347826086956522,0.8586956521739131,0.7880434782608695,0.5706521739130435
353,0.55,1.2000000000000002,0.9347826086956522,0.8532608695652174,0.7880434782608695,0.5706521739130435
354,0.55,1.3,0.9347826086956522,0.8586956521739131,0.7880434782608695,0.5815217391304348
355,0.55,1.4000000000000001,0.9347826086956522,0.8641304347826086,0.7934782608695652,0.5815217391304348
356,0.55,1.5,0.9347826086956522,0.8641304347826086,0.7989130434782609,0.5869565217391305
357,0.55,1.6,0.9347826086956522,0.8641304347826086,0.7989130434782609,0.592391304347826
358,0.55,1.7000000000000002,0.9347826086956522,0.8695652173913043,0.7880434782608695,0.592391304347826
359,0.55,1.8,0.9347826086956522,0.8695652173913043,0.7880434782608695,0.5978260869565217
360,0.55,1.9000000000000001,0.9293478260869565,0.875,0.7934782608695652,0.6032608695652174
361,0.55,2.0,0.9347826086956522,0.875,0.7934782608695652,0.5978260869565217
362,0.55,2.1,0.9456521739130435,0.875,0.7934782608695652,0.5978260869565217
363,0.55,2.2,0.9456521739130435,0.8695652173913043,0.7934782608695652,0.5978260869565217
364,0.55,2.3000000000000003,0.9456521739130435,0.8695652173913043,0.7989130434782609,0.5978260869565217
365,0.55,2.4000000000000004,0.9456521739130435,0.875,0.7989130434782609,0.5978260869565217
366,0.55,2.5,0.9456521739130435,0.875,0.8043478260869565,0.5869565217391305
367,0.55,2.6,0.9456521739130435,0.8695652173913043,0.8043478260869565,0.5869565217391305
368,0.55,2.7,0.9510869565217391,0.8695652173913043,0.8043478260869565,0.5815217391304348
369,0.55,2.8000000000000003,0.9510869565217391,0.8695652173913043,0.8043478260869565,0.5815217391304348
370,0.55,2.9000000000000004,0.9510869565217391,0.8695652173913043,0.8043478260869565,0.592391304347826
371,0.55,3.0,0.9510869565217391,0.8695652173913043,0.8043478260869565,0.592391304347826
372,0.6000000000000001,0.0,0.8315217391304348,0.7228260869565217,0.6086956521739131,0.41847826086956524
373,0.6000000000000001,0.1,0.8858695652173914,0.8478260869565217,0.7445652173913043,0.5163043478260869
374,0.6000000000000001,0.2,0.8858695652173914,0.8532608695652174,0.7554347826086957,0.5380434782608695
375,0.6000000000000001,0.30000000000000004,0.8913043478260869,0.8532608695652174,0.7608695652173914,0.5489130434782609
376,0.6000000000000001,0.4,0.9021739130434783,0.8532608695652174,0.7663043478260869,0.5543478260869565
377,0.6000000000000001,0.5,0.907608695652174,0.8532608695652174,0.7663043478260869,0.5597826086956522
378,0.6000000000000001,0.6000000000000001,0.9239130434782609,0.8532608695652174,0.7663043478260869,0.5760869565217391
379,0.6000000000000001,0.7000000000000001,0.9239130434782609,0.8532608695652174,0.7771739130434783,0.5706521739130435
380,0.6000000000000001,0.8,0.9239130434782609,0.8532608695652174,0.782608695652174,0.5706521739130435
381,0.6000000000000001,0.9,0.9239130434782609,0.8532608695652174,0.7771739130434783,0.5706521739130435
382,0.6000000000000001,1.0,0.9293478260869565,0.8532608695652174,0.7880434782608695,0.5706521739130435
383,0.6000000000000001,1.1,0.9347826086956522,0.8532608695652174,0.7880434782608695,0.5706521739130435
384,0.6000000000000001,1.2000000000000002,0.9347826086956522,0.8532608695652174,0.7880434782608695,0.5706521739130435
385,0.6000000000000001,1.3,0.9347826086956522,0.8586956521739131,0.7934782608695652,0.5869565217391305
386,0.6000000000000001,1.4000000000000001,0.9347826086956522,0.8641304347826086,0.7989130434782609,0.5869565217391305
387,0.6000000000000001,1.5,0.9347826086956522,0.8641304347826086,0.8043478260869565,0.5869565217391305
388,0.6000000000000001,1.6,0.9347826086956522,0.8641304347826086,0.7989130434782609,0.592391304347826
389,0.6000000000000001,1.7000000000000002,0.9347826086956522,0.8695652173913043,0.7880434782608695,0.5978260869565217
390,0.6000000000000001,1.8,0.9347826086956522,0.8695652173913043,0.7880434782608695,0.5978260869565217
391,0.6000000000000001,1.9000000000000001,0.9347826086956522,0.875,0.7880434782608695,0.5978260869565217
392,0.6000000000000001,2.0,0.9402173913043478,0.875,0.7880434782608695,0.5978260869565217
393,0.6000000000000001,2.1,0.9456521739130435,0.875,0.7880434782608695,0.5978260869565217
394,0.6000000000000001,2.2,0.9456521739130435,0.8695652173913043,0.7880434782608695,0.5978260869565217
395,0.6000000000000001,2.3000000000000003,0.9456521739130435,0.8695652173913043,0.7934782608695652,0.5978260869565217
396,0.6000000000000001,2.4000000000000004,0.9456521739130435,0.8695652173913043,0.7934782608695652,0.5978260869565217
397,0.6000000000000001,2.5,0.9456521739130435,0.875,0.7880434782608695,0.592391304347826
398,0.6000000000000001,2.6,0.9456521739130435,0.875,0.7989130434782609,0.5869565217391305
399,0.6000000000000001,2.7,0.9510869565217391,0.875,0.7989130434782609,0.5815217391304348
400,0.6000000000000001,2.8000000000000003,0.9510869565217391,0.875,0.7989130434782609,0.5869565217391305
401,0.6000000000000001,2.9000000000000004,0.9510869565217391,0.8695652173913043,0.7989130434782609,0.5869565217391305
402,0.6000000000000001,3.0,0.9510869565217391,0.8695652173913043,0.7989130434782609,0.5815217391304348
403,0.65,0.0,0.8315217391304348,0.7228260869565217,0.6086956521739131,0.41847826086956524
404,0.65,0.1,0.8858695652173914,0.8478260869565217,0.75,0.5163043478260869
405,0.65,0.2,0.8858695652173914,0.8532608695652174,0.7608695652173914,0.5380434782608695
406,0.65,0.30000000000000004,0.8913043478260869,0.8532608695652174,0.7608695652173914,0.5543478260869565
407,0.65,0.4,0.9021739130434783,0.8532608695652174,0.7663043478260869,0.5597826086956522
408,0.65,0.5,0.907608695652174,0.8586956521739131,0.7663043478260869,0.5652173913043478
409,0.65,0.6000000000000001,0.9239130434782609,0.8532608695652174,0.7663043478260869,0.5760869565217391
410,0.65,0.7000000000000001,0.9239130434782609,0.8532608695652174,0.7717391304347826,0.5760869565217391
411,0.65,0.8,0.9239130434782609,0.8478260869565217,0.7771739130434783,0.5706521739130435
412,0.65,0.9,0.9239130434782609,0.8532608695652174,0.7771739130434783,0.5706521739130435
413,0.65,1.0,0.9293478260869565,0.8532608695652174,0.7880434782608695,0.5706521739130435
414,0.65,1.1,0.9347826086956522,0.8532608695652174,0.7880434782608695,0.5706521739130435
415,0.65,1.2000000000000002,0.9347826086956522,0.8532608695652174,0.7934782608695652,0.5760869565217391
416,0.65,1.3,0.9347826086956522,0.8586956521739131,0.7934782608695652,0.5869565217391305
417,0.65,1.4000000000000001,0.9347826086956522,0.8641304347826086,0.7989130434782609,0.5869565217391305
418,0.65,1.5,0.9347826086956522,0.8641304347826086,0.8043478260869565,0.5978260869565217
419,0.65,1.6,0.9347826086956522,0.8641304347826086,0.7934782608695652,0.5978260869565217
420,0.65,1.7000000000000002,0.9347826086956522,0.8641304347826086,0.7934782608695652,0.6032608695652174
421,0.65,1.8,0.9347826086956522,0.8695652173913043,0.7934782608695652,0.592391304347826
422,0.65,1.9000000000000001,0.9402173913043478,0.8695652173913043,0.7880434782608695,0.5978260869565217
423,0.65,2.0,0.9402173913043478,0.875,0.7880434782608695,0.5978260869565217
424,0.65,2.1,0.9456521739130435,0.8695652173913043,0.782608695652174,0.5978260869565217
425,0.65,2.2,0.9456521739130435,0.8695652173913043,0.782608695652174,0.5978260869565217
426,0.65,2.3000000000000003,0.9456521739130435,0.8695652173913043,0.7880434782608695,0.5978260869565217
427,0.65,2.4000000000000004,0.9456521739130435,0.8695652173913043,0.7880434782608695,0.5978260869565217
428,0.65,2.5,0.9456521739130435,0.875,0.7880434782608695,0.592391304347826
429,0.65,2.6,0.9456521739130435,0.875,0.7880434782608695,0.5869565217391305
430,0.65,2.7,0.9510869565217391,0.875,0.7934782608695652,0.5869565217391305
431,0.65,2.8000000000000003,0.9510869565217391,0.875,0.7934782608695652,0.592391304347826
432,0.65,2.9000000000000004,0.9510869565217391,0.875,0.7934782608695652,0.5869565217391305
433,0.65,3.0,0.9510869565217391,0.8804347826086957,0.7934782608695652,0.5869565217391305
434,0.7000000000000001,0.0,0.8315217391304348,0.7228260869565217,0.6086956521739131,0.41847826086956524
435,0.7000000000000001,0.1,0.8858695652173914,0.8478260869565217,0.7445652173913043,0.5163043478260869
436,0.7000000000000001,0.2,0.8858695652173914,0.8532608695652174,0.7608695652173914,0.5380434782608695
437,0.7000000000000001,0.30000000000000004,0.8913043478260869,0.8532608695652174,0.7608695652173914,0.5543478260869565
438,0.7000000000000001,0.4,0.9021739130434783,0.8532608695652174,0.7663043478260869,0.5597826086956522
439,0.7000000000000001,0.5,0.907608695652174,0.8586956521739131,0.7663043478260869,0.5597826086956522
440,0.7000000000000001,0.6000000000000001,0.9239130434782609,0.8586956521739131,0.7663043478260869,0.5815217391304348
441,0.7000000000000001,0.7000000000000001,0.9239130434782609,0.8478260869565217,0.7663043478260869,0.5815217391304348
442,0.7000000000000001,0.8,0.9239130434782609,0.8478260869565217,0.7771739130434783,0.5815217391304348
443,0.7000000000000001,0.9,0.9239130434782609,0.8532608695652174,0.782608695652174,0.5760869565217391
444,0.7000000000000001,1.0,0.9293478260869565,0.8532608695652174,0.7880434782608695,0.5760869565217391
445,0.7000000000000001,1.1,0.9347826086956522,0.8532608695652174,0.7880434782608695,0.5815217391304348
446,0.7000000000000001,1.2000000000000002,0.9347826086956522,0.8532608695652174,0.7934782608695652,0.5815217391304348
447,0.7000000000000001,1.3,0.9347826086956522,0.8586956521739131,0.7934782608695652,0.592391304347826
448,0.7000000000000001,1.4000000000000001,0.9347826086956522,0.8641304347826086,0.7989130434782609,0.5978260869565217
449,0.7000000000000001,1.5,0.9347826086956522,0.8641304347826086,0.8043478260869565,0.6032608695652174
450,0.7000000000000001,1.6,0.9347826086956522,0.8641304347826086,0.7934782608695652,0.5978260869565217
451,0.7000000000000001,1.7000000000000002,0.9347826086956522,0.8641304347826086,0.7934782608695652,0.6032608695652174
452,0.7000000000000001,1.8,0.9347826086956522,0.8695652173913043,0.7934782608695652,0.5978260869565217
453,0.7000000000000001,1.9000000000000001,0.9402173913043478,0.8695652173913043,0.7880434782608695,0.6032608695652174
454,0.7000000000000001,2.0,0.9402173913043478,0.875,0.7880434782608695,0.6032608695652174
455,0.7000000000000001,2.1,0.9456521739130435,0.8695652173913043,0.7880434782608695,0.6032608695652174
456,0.7000000000000001,2.2,0.9456521739130435,0.8695652173913043,0.7880434782608695,0.6086956521739131
457,0.7000000000000001,2.3000000000000003,0.9456521739130435,0.8695652173913043,0.782608695652174,0.6032608695652174
458,0.7000000000000001,2.4000000000000004,0.9456521739130435,0.8695652173913043,0.7880434782608695,0.5978260869565217
459,0.7000000000000001,2.5,0.9456521739130435,0.875,0.7880434782608695,0.5978260869565217
460,0.7000000000000001,2.6,0.9456521739130435,0.875,0.7880434782608695,0.6032608695652174
461,0.7000000000000001,2.7,0.9510869565217391,0.875,0.7880434782608695,0.5978260869565217
462,0.7000000000000001,2.8000000000000003,0.9510869565217391,0.875,0.7934782608695652,0.6032608695652174
463,0.7000000000000001,2.9000000000000004,0.9510869565217391,0.8804347826086957,0.7934782608695652,0.5978260869565217
464,0.7000000000000001,3.0,0.9510869565217391,0.8804347826086957,0.7934782608695652,0.5978260869565217
465,0.75,0.0,0.8315217391304348,0.7228260869565217,0.6086956521739131,0.41847826086956524
466,0.75,0.1,0.8858695652173914,0.8478260869565217,0.7445652173913043,0.5108695652173914
467,0.75,0.2,0.8858695652173914,0.8532608695652174,0.7554347826086957,0.5380434782608695
468,0.75,0.30000000000000004,0.8913043478260869,0.8532608695652174,0.7608695652173914,0.5543478260869565
469,0.75,0.4,0.9021739130434783,0.8532608695652174,0.7663043478260869,0.5597826086956522
470,0.75,0.5,0.907608695652174,0.8586956521739131,0.7663043478260869,0.5597826086956522
471,0.75,0.6000000000000001,0.9239130434782609,0.8586956521739131,0.7663043478260869,0.5760869565217391
472,0.75,0.7000000000000001,0.9239130434782609,0.8586956521739131,0.7663043478260869,0.5815217391304348
473,0.75,0.8,0.9239130434782609,0.8478260869565217,0.7771739130434783,0.5815217391304348
474,0.75,0.9,0.9239130434782609,0.8532608695652174,0.7880434782608695,0.5815217391304348
475,0.75,1.0,0.9293478260869565,0.8532608695652174,0.7880434782608695,0.5815217391304348
476,0.75,1.1,0.9347826086956522,0.8532608695652174,0.7880434782608695,0.5815217391304348
477,0.75,1.2000000000000002,0.9347826086956522,0.8532608695652174,0.7934782608695652,0.5815217391304348
478,0.75,1.3,0.9347826086956522,0.8586956521739131,0.7934782608695652,0.5978260869565217
479,0.75,1.4000000000000001,0.9347826086956522,0.8641304347826086,0.7989130434782609,0.5978260869565217
480,0.75,1.5,0.9347826086956522,0.8641304347826086,0.8043478260869565,0.5978260869565217
481,0.75,1.6,0.9347826086956522,0.8641304347826086,0.7934782608695652,0.6032608695652174
482,0.75,1.7000000000000002,0.9402173913043478,0.8641304347826086,0.7880434782608695,0.6032608695652174
483,0.75,1.8,0.9347826086956522,0.8641304347826086,0.7880434782608695,0.5978260869565217
484,0.75,1.9000000000000001,0.9402173913043478,0.8695652173913043,0.7880434782608695,0.6032608695652174
485,0.75,2.0,0.9456521739130435,0.8641304347826086,0.7880434782608695,0.6032608695652174
486,0.75,2.1,0.9456521739130435,0.8695652173913043,0.7880434782608695,0.6086956521739131
487,0.75,2.2,0.9456521739130435,0.8695652173913043,0.7880434782608695,0.6086956521739131
488,0.75,2.3000000000000003,0.9456521739130435,0.8695652173913043,0.7880434782608695,0.6086956521739131
489,0.75,2.4000000000000004,0.9456521739130435,0.8695652173913043,0.7934782608695652,0.6032608695652174
490,0.75,2.5,0.9456521739130435,0.8695652173913043,0.7934782608695652,0.6086956521739131
491,0.75,2.6,0.9456521739130435,0.875,0.7934782608695652,0.6086956521739131
492,0.75,2.7,0.9510869565217391,0.875,0.7934782608695652,0.6032608695652174
493,0.75,2.8000000000000003,0.9510869565217391,0.8804347826086957,0.7989130434782609,0.6032608695652174
494,0.75,2.9000000000000004,0.9510869565217391,0.8804347826086957,0.7934782608695652,0.5978260869565217
495,0.75,3.0,0.9510869565217391,0.875,0.7934782608695652,0.5978260869565217
496,0.8,0.0,0.8315217391304348,0.7228260869565217,0.6086956521739131,0.41847826086956524
497,0.8,0.1,0.8858695652173914,0.8478260869565217,0.7445652173913043,0.5163043478260869
498,0.8,0.2,0.8858695652173914,0.8532608695652174,0.7554347826086957,0.532608695652174
499,0.8,0.30000000000000004,0.8913043478260869,0.8532608695652174,0.7554347826086957,0.5543478260869565
500,0.8,0.4,0.9021739130434783,0.8532608695652174,0.7663043478260869,0.5597826086956522
501,0.8,0.5,0.907608695652174,0.8586956521739131,0.7608695652173914,0.5597826086956522
502,0.8,0.6000000000000001,0.9239130434782609,0.8586956521739131,0.7717391304347826,0.5760869565217391
503,0.8,0.7000000000000001,0.9239130434782609,0.8586956521739131,0.7663043478260869,0.5760869565217391
504,0.8,0.8,0.9239130434782609,0.8478260869565217,0.7717391304347826,0.5815217391304348
505,0.8,0.9,0.9239130434782609,0.8586956521739131,0.7880434782608695,0.5869565217391305
506,0.8,1.0,0.9293478260869565,0.8532608695652174,0.7880434782608695,0.592391304347826
507,0.8,1.1,0.9347826086956522,0.8532608695652174,0.7880434782608695,0.5869565217391305
508,0.8,1.2000000000000002,0.9347826086956522,0.8532608695652174,0.7934782608695652,0.592391304347826
509,0.8,1.3,0.9347826086956522,0.8532608695652174,0.7934782608695652,0.6032608695652174
510,0.8,1.4000000000000001,0.9347826086956522,0.8641304347826086,0.7989130434782609,0.6032608695652174
511,0.8,1.5,0.9347826086956522,0.8641304347826086,0.7934782608695652,0.6032608695652174
512,0.8,1.6,0.9402173913043478,0.8641304347826086,0.7880434782608695,0.6086956521739131
513,0.8,1.7000000000000002,0.9402173913043478,0.8641304347826086,0.7880434782608695,0.6086956521739131
514,0.8,1.8,0.9347826086956522,0.8641304347826086,0.7880434782608695,0.6032608695652174
515,0.8,1.9000000000000001,0.9402173913043478,0.8695652173913043,0.7880434782608695,0.6086956521739131
516,0.8,2.0,0.9456521739130435,0.8641304347826086,0.7880434782608695,0.6086956521739131
517,0.8,2.1,0.9456521739130435,0.8641304347826086,0.7880434782608695,0.6195652173913043
518,0.8,2.2,0.9456521739130435,0.8695652173913043,0.7880434782608695,0.6195652173913043
519,0.8,2.3000000000000003,0.9456521739130435,0.8641304347826086,0.7880434782608695,0.625
520,0.8,2.4000000000000004,0.9456521739130435,0.8641304347826086,0.7880434782608695,0.6141304347826086
521,0.8,2.5,0.9456521739130435,0.8641304347826086,0.7934782608695652,0.6141304347826086
522,0.8,2.6,0.9456521739130435,0.8695652173913043,0.7934782608695652,0.6086956521739131
523,0.8,2.7,0.9510869565217391,0.8695652173913043,0.7934782608695652,0.6086956521739131
524,0.8,2.8000000000000003,0.9510869565217391,0.8804347826086957,0.7989130434782609,0.6141304347826086
525,0.8,2.9000000000000004,0.9510869565217391,0.875,0.7989130434782609,0.6086956521739131
526,0.8,3.0,0.9510869565217391,0.875,0.7989130434782609,0.6032608695652174
527,0.8500000000000001,0.0,0.8315217391304348,0.7228260869565217,0.6086956521739131,0.41847826086956524
528,0.8500000000000001,0.1,0.8858695652173914,0.8478260869565217,0.75,0.5163043478260869
529,0.8500000000000001,0.2,0.8858695652173914,0.8532608695652174,0.7608695652173914,0.5380434782608695
530,0.8500000000000001,0.30000000000000004,0.8913043478260869,0.8586956521739131,0.7663043478260869,0.5597826086956522
531,0.8500000000000001,0.4,0.9021739130434783,0.8532608695652174,0.7717391304347826,0.5652173913043478
532,0.8500000000000001,0.5,0.907608695652174,0.8586956521739131,0.7663043478260869,0.5652173913043478
533,0.8500000000000001,0.6000000000000001,0.9239130434782609,0.8586956521739131,0.7771739130434783,0.5760869565217391
534,0.8500000000000001,0.7000000000000001,0.9239130434782609,0.8586956521739131,0.7717391304347826,0.5815217391304348
535,0.8500000000000001,0.8,0.9239130434782609,0.8532608695652174,0.782608695652174,0.5815217391304348
536,0.8500000000000001,0.9,0.9239130434782609,0.8641304347826086,0.7934782608695652,0.592391304347826
537,0.8500000000000001,1.0,0.9293478260869565,0.8586956521739131,0.7934782608695652,0.592391304347826
538,0.8500000000000001,1.1,0.9347826086956522,0.8586956521739131,0.7934782608695652,0.5978260869565217
539,0.8500000000000001,1.2000000000000002,0.9347826086956522,0.8586956521739131,0.7934782608695652,0.5978260869565217
540,0.8500000000000001,1.3,0.9347826086956522,0.8586956521739131,0.7934782608695652,0.5978260869565217
541,0.8500000000000001,1.4000000000000001,0.9347826086956522,0.8695652173913043,0.7880434782608695,0.6032608695652174
542,0.8500000000000001,1.5,0.9293478260869565,0.8641304347826086,0.7880434782608695,0.6086956521739131
543,0.8500000000000001,1.6,0.9293478260869565,0.8641304347826086,0.7880434782608695,0.6086956521739131
544,0.8500000000000001,1.7000000000000002,0.9402173913043478,0.8641304347826086,0.7880434782608695,0.6086956521739131
545,0.8500000000000001,1.8,0.9347826086956522,0.8641304347826086,0.7880434782608695,0.6032608695652174
546,0.8500000000000001,1.9000000000000001,0.9456521739130435,0.8641304347826086,0.7880434782608695,0.6086956521739131
547,0.8500000000000001,2.0,0.9456521739130435,0.8641304347826086,0.7880434782608695,0.6141304347826086
548,0.8500000000000001,2.1,0.9456521739130435,0.8641304347826086,0.7880434782608695,0.625
549,0.8500000000000001,2.2,0.9456521739130435,0.8641304347826086,0.7880434782608695,0.625
550,0.8500000000000001,2.3000000000000003,0.9456521739130435,0.8641304347826086,0.7880434782608695,0.625
551,0.8500000000000001,2.4000000000000004,0.9456521739130435,0.8641304347826086,0.7880434782608695,0.6141304347826086
552,0.8500000000000001,2.5,0.9456521739130435,0.8641304347826086,0.7934782608695652,0.6086956521739131
553,0.8500000000000001,2.6,0.9456521739130435,0.8695652173913043,0.7934782608695652,0.6086956521739131
554,0.8500000000000001,2.7,0.9510869565217391,0.875,0.7934782608695652,0.6086956521739131
555,0.8500000000000001,2.8000000000000003,0.9510869565217391,0.875,0.7989130434782609,0.6141304347826086
556,0.8500000000000001,2.9000000000000004,0.9510869565217391,0.8804347826086957,0.7989130434782609,0.6086956521739131
557,0.8500000000000001,3.0,0.9510869565217391,0.8804347826086957,0.7989130434782609,0.6086956521739131
558,0.9,0.0,0.8315217391304348,0.7228260869565217,0.6086956521739131,0.41847826086956524
559,0.9,0.1,0.8858695652173914,0.8532608695652174,0.7554347826086957,0.5163043478260869
560,0.9,0.2,0.8858695652173914,0.8586956521739131,0.7608695652173914,0.5380434782608695
561,0.9,0.30000000000000004,0.8913043478260869,0.8641304347826086,0.7663043478260869,0.5597826086956522
562,0.9,0.4,0.907608695652174,0.8586956521739131,0.7663043478260869,0.5706521739130435
563,0.9,0.5,0.907608695652174,0.8641304347826086,0.7663043478260869,0.5652173913043478
564,0.9,0.6000000000000001,0.9184782608695652,0.8641304347826086,0.7771739130434783,0.5815217391304348
565,0.9,0.7000000000000001,0.9239130434782609,0.8695652173913043,0.7717391304347826,0.5869565217391305
566,0.9,0.8,0.9239130434782609,0.8586956521739131,0.782608695652174,0.5869565217391305
567,0.9,0.9,0.9239130434782609,0.8641304347826086,0.7880434782608695,0.592391304347826
568,0.9,1.0,0.9293478260869565,0.8641304347826086,0.7934782608695652,0.6032608695652174
569,0.9,1.1,0.9347826086956522,0.8641304347826086,0.7934782608695652,0.6032608695652174
570,0.9,1.2000000000000002,0.9347826086956522,0.8641304347826086,0.7934782608695652,0.5978260869565217
571,0.9,1.3,0.9347826086956522,0.8641304347826086,0.7880434782608695,0.6141304347826086
572,0.9,1.4000000000000001,0.9347826086956522,0.875,0.7880434782608695,0.6141304347826086
573,0.9,1.5,0.9293478260869565,0.8695652173913043,0.7880434782608695,0.6195652173913043
574,0.9,1.6,0.9293478260869565,0.8695652173913043,0.7880434782608695,0.6141304347826086
575,0.9,1.7000000000000002,0.9347826086956522,0.8695652173913043,0.7880434782608695,0.6141304347826086
576,0.9,1.8,0.9402173913043478,0.875,0.7880434782608695,0.6141304347826086
577,0.9,1.9000000000000001,0.9456521739130435,0.8695652173913043,0.7880434782608695,0.6141304347826086
578,0.9,2.0,0.9456521739130435,0.8695652173913043,0.7880434782608695,0.625
579,0.9,2.1,0.9456521739130435,0.8641304347826086,0.7880434782608695,0.6304347826086957
580,0.9,2.2,0.9456521739130435,0.8641304347826086,0.7880434782608695,0.6304347826086957
581,0.9,2.3000000000000003,0.9456521739130435,0.8695652173913043,0.7880434782608695,0.6195652173913043
582,0.9,2.4000000000000004,0.9456521739130435,0.8641304347826086,0.7880434782608695,0.6195652173913043
583,0.9,2.5,0.9456521739130435,0.8695652173913043,0.7880434782608695,0.6086956521739131
584,0.9,2.6,0.9456521739130435,0.8695652173913043,0.7880434782608695,0.6086956521739131
585,0.9,2.7,0.9456521739130435,0.8804347826086957,0.7880434782608695,0.6141304347826086
586,0.9,2.8000000000000003,0.9510869565217391,0.8804347826086957,0.7934782608695652,0.6141304347826086
587,0.9,2.9000000000000004,0.9510869565217391,0.8804347826086957,0.7934782608695652,0.6141304347826086
588,0.9,3.0,0.9510869565217391,0.8858695652173914,0.7989130434782609,0.6086956521739131
589,0.9500000000000001,0.0,0.8315217391304348,0.7228260869565217,0.6086956521739131,0.41847826086956524
590,0.9500000000000001,0.1,0.8858695652173914,0.8532608695652174,0.7554347826086957,0.5163043478260869
591,0.9500000000000001,0.2,0.8858695652173914,0.8586956521739131,0.7608695652173914,0.532608695652174
592,0.9500000000000001,0.30000000000000004,0.8913043478260869,0.8641304347826086,0.7663043478260869,0.5597826086956522
593,0.9500000000000001,0.4,0.907608695652174,0.8586956521739131,0.7663043478260869,0.5597826086956522
594,0.9500000000000001,0.5,0.907608695652174,0.8641304347826086,0.7663043478260869,0.5597826086956522
595,0.9500000000000001,0.6000000000000001,0.9184782608695652,0.8641304347826086,0.7771739130434783,0.5706521739130435
596,0.9500000000000001,0.7000000000000001,0.9239130434782609,0.8695652173913043,0.7717391304347826,0.5760869565217391
597,0.9500000000000001,0.8,0.9239130434782609,0.8695652173913043,0.7771739130434783,0.5869565217391305
598,0.9500000000000001,0.9,0.9239130434782609,0.8641304347826086,0.7880434782608695,0.592391304347826
599,0.9500000000000001,1.0,0.9293478260869565,0.8695652173913043,0.7880434782608695,0.592391304347826
600,0.9500000000000001,1.1,0.9347826086956522,0.8641304347826086,0.7934782608695652,0.592391304347826
601,0.9500000000000001,1.2000000000000002,0.9347826086956522,0.8641304347826086,0.7880434782608695,0.592391304347826
602,0.9500000000000001,1.3,0.9347826086956522,0.8641304347826086,0.7880434782608695,0.6086956521739131
603,0.9500000000000001,1.4000000000000001,0.9293478260869565,0.875,0.7880434782608695,0.6141304347826086
604,0.9500000000000001,1.5,0.9293478260869565,0.8695652173913043,0.7880434782608695,0.6141304347826086
605,0.9500000000000001,1.6,0.9293478260869565,0.8695652173913043,0.7880434782608695,0.6195652173913043
606,0.9500000000000001,1.7000000000000002,0.9293478260869565,0.8695652173913043,0.7880434782608695,0.6195652173913043
607,0.9500000000000001,1.8,0.9402173913043478,0.8695652173913043,0.7880434782608695,0.6141304347826086
608,0.9500000000000001,1.9000000000000001,0.9456521739130435,0.8695652173913043,0.7880434782608695,0.6141304347826086
609,0.9500000000000001,2.0,0.9456521739130435,0.8641304347826086,0.782608695652174,0.6195652173913043
610,0.9500000000000001,2.1,0.9456521739130435,0.8641304347826086,0.782608695652174,0.625
611,0.9500000000000001,2.2,0.9456521739130435,0.8641304347826086,0.782608695652174,0.625
612,0.9500000000000001,2.3000000000000003,0.9456521739130435,0.8641304347826086,0.782608695652174,0.6195652173913043
613,0.9500000000000001,2.4000000000000004,0.9456521739130435,0.8695652173913043,0.782608695652174,0.6141304347826086
614,0.9500000000000001,2.5,0.9456521739130435,0.8695652173913043,0.782608695652174,0.6141304347826086
615,0.9500000000000001,2.6,0.9456521739130435,0.8695652173913043,0.782608695652174,0.6086956521739131
616,0.9500000000000001,2.7,0.9456521739130435,0.8804347826086957,0.7880434782608695,0.6141304347826086
617,0.9500000000000001,2.8000000000000003,0.9510869565217391,0.8804347826086957,0.7989130434782609,0.6141304347826086
618,0.9500000000000001,2.9000000000000004,0.9510869565217391,0.8804347826086957,0.8043478260869565,0.6141304347826086
619,0.9500000000000001,3.0,0.9510869565217391,0.8858695652173914,0.8043478260869565,0.6141304347826086
620,1.0,0.0,0.8315217391304348,0.7228260869565217,0.6086956521739131,0.41847826086956524
621,1.0,0.1,0.8858695652173914,0.8532608695652174,0.7663043478260869,0.5163043478260869
622,1.0,0.2,0.8858695652173914,0.8586956521739131,0.7663043478260869,0.532608695652174
623,1.0,0.30000000000000004,0.8913043478260869,0.8641304347826086,0.7663043478260869,0.5543478260869565
624,1.0,0.4,0.907608695652174,0.8586956521739131,0.7663043478260869,0.5543478260869565
625,1.0,0.5,0.907608695652174,0.8641304347826086,0.7663043478260869,0.5597826086956522
626,1.0,0.6000000000000001,0.9184782608695652,0.8641304347826086,0.7717391304347826,0.5706521739130435
627,1.0,0.7000000000000001,0.9239130434782609,0.8641304347826086,0.7771739130434783,0.5760869565217391
628,1.0,0.8,0.9239130434782609,0.8695652173913043,0.7771739130434783,0.5869565217391305
629,1.0,0.9,0.9239130434782609,0.8586956521739131,0.7880434782608695,0.592391304347826
630,1.0,1.0,0.9347826086956522,0.8641304347826086,0.7880434782608695,0.592391304347826
631,1.0,1.1,0.9347826086956522,0.8641304347826086,0.7934782608695652,0.5869565217391305
632,1.0,1.2000000000000002,0.9347826086956522,0.8641304347826086,0.7880434782608695,0.5869565217391305
633,1.0,1.3,0.9347826086956522,0.8641304347826086,0.7880434782608695,0.6032608695652174
634,1.0,1.4000000000000001,0.9293478260869565,0.875,0.782608695652174,0.6141304347826086
635,1.0,1.5,0.9293478260869565,0.8695652173913043,0.7934782608695652,0.6195652173913043
636,1.0,1.6,0.9293478260869565,0.8695652173913043,0.7934782608695652,0.6195652173913043
637,1.0,1.7000000000000002,0.9293478260869565,0.8695652173913043,0.7880434782608695,0.6195652173913043
638,1.0,1.8,0.9347826086956522,0.8695652173913043,0.782608695652174,0.6141304347826086
639,1.0,1.9000000000000001,0.9456521739130435,0.8641304347826086,0.782608695652174,0.6141304347826086
640,1.0,2.0,0.9456521739130435,0.8641304347826086,0.782608695652174,0.625
641,1.0,2.1,0.9456521739130435,0.8641304347826086,0.782608695652174,0.625
642,1.0,2.2,0.9456521739130435,0.8641304347826086,0.782608695652174,0.625
643,1.0,2.3000000000000003,0.9456521739130435,0.8641304347826086,0.782608695652174,0.6195652173913043
644,1.0,2.4000000000000004,0.9456521739130435,0.8641304347826086,0.782608695652174,0.6141304347826086
645,1.0,2.5,0.9456521739130435,0.8695652173913043,0.782608695652174,0.6141304347826086
646,1.0,2.6,0.9456521739130435,0.875,0.782608695652174,0.6086956521739131
647,1.0,2.7,0.9456521739130435,0.875,0.7989130434782609,0.6141304347826086
648,1.0,2.8000000000000003,0.9510869565217391,0.8804347826086957,0.8043478260869565,0.6141304347826086
649,1.0,2.9000000000000004,0.9510869565217391,0.8804347826086957,0.8097826086956522,0.6195652173913043
650,1.0,3.0,0.9510869565217391,0.8858695652173914,0.8097826086956522,0.6195652173913043
